recpid,recpname,recpversion,count,mean,lower_bound,upper_bound
33RF1.03,33RF1,.03,5,32,14,88
36RF1.03,36RF1,.03,6,140,14,295
3AGC1.04,3AGC1,.04,5051,1469,602,2786
3AGC1.05,3AGC1,.05,291,1685,123,3246
3AGC1.06,3AGC1,.06,734,1864,665,3506
3AGC1.07,3AGC1,.07,8377,1701,630,3586
3AH01.02,3AH01,.02,3,0,0,0
3AOI1.02,3AOI1,.02,11367,1463,2,4509
3AOI2.07,3AOI2,.07,3874,4613,2330,8115
3AOI2.08,3AOI2,.08,4,4616,0,18467
3AOI2.09,3AOI2,.09,8999,4780,302,11721
3AOI3.05,3AOI3,.05,4408,2818,0,13111
3AOI3.06,3AOI3,.06,12714,7942,0,27437
3AOI4.06,3AOI4,.06,3966,8303,1417,22793
3AOI4.07,3AOI4,.07,12308,7646,433,21922
3AOI6.06,3AOI6,.06,1534,5878,372,14360
3AOI6.07,3AOI6,.07,335,9225,1934,27652
3AOI6.08,3AOI6,.08,89,9020,2856,27818
3AOI6.09,3AOI6,.09,1421,7236,2555,15541
3AOI6.10,3AOI6,.10,7938,7492,202,16461
3AOIA.03,3AOIA,.03,4340,0,0,0
3AOIB.02,3AOIB,.02,5128,100,0,940
3AOIB.03,3AOIB,.03,9671,1265,0,5164
3AOIC.01,3AOIC,.01,4557,933,0,4696
3AOIC.02,3AOIC,.02,2878,1322,0,5894
3AOIC.03,3AOIC,.03,6198,738,0,4680
3AOIE.01,3AOIE,.01,2408,639,0,3074
3AOIE.02,3AOIE,.02,4837,4784,0,11369
3AOIF.01,3AOIF,.01,273,0,0,3
3AOIG.01,3AOIG,.01,1886,0,0,0
3AOIH.02,3AOIH,.02,128,14240,42,48462
3AOIJ.01,3AOIJ,.01,10,0,0,0
3AT02.01,3AT02,.01,76792,0,0,0
3AT02.03,3AT02,.03,25199,0,0,0
3BGC1.01,3BGC1,.01,14712,3315,1035,4641
3BGD1.01,3BGD1,.01,12690,3784,1580,5613
3BGD2.01,3BGD2,.01,1133,820,605,1034
3BIN3.02,3BIN3,.02,14895,0,0,3
3BIN4.01,3BIN4,.01,380,0,0,4
3BTL1.02,3BTL1,.02,1403,2077,639,3514
3BTL1.03,3BTL1,.03,12709,1500,189,2845
3BTL3.01,3BTL3,.01,10,5,3,8
3CDV1.01,3CDV1,.01,11123,1853,943,3158
3CEX1.02,3CEX1,.02,4349,618,464,771
3CEX1.03,3CEX1,.03,6767,669,446,891
3CMA1.06,3CMA1,.06,5197,0,0,0
3CMA1.07,3CMA1,.07,8,0,0,0
3CMA1.08,3CMA1,.08,7889,0,0,0
3CMA1.09,3CMA1,.09,1378,0,0,0
3CMA2.01,3CMA2,.01,5219,306,137,640
3CMA2.02,3CMA2,.02,8,206,150,289
3CMA2.03,3CMA2,.03,7918,234,99,429
3CMA2.04,3CMA2,.04,1377,209,95,356
3CMB1.02,3CMB1,.02,13827,0,0,0
3CMB2.01,3CMB2,.01,14070,171,5,358
3CSP3.01,3CSP3,.01,11402,4697,1911,7649
3CSV1.01,3CSV1,.01,5891,108,2,360
3CSV1.02,3CSV1,.02,4859,136,67,317
3CSV1.03,3CSV1,.03,7,71,0,167
3CSV1.04,3CSV1,.04,1,0,0,0
3CUP1.02,3CUP1,.02,11540,4598,1459,7907
3CWI1.03,3CWI1,.03,10523,1118,912,1323
3CWI1.04,3CWI1,.04,4,3393,1772,5342
3CWI1.05,3CWI1,.05,641,1246,786,1455
3CWP2.01,3CWP2,.01,4332,1682,38,7965
3CWP2.02,3CWP2,.02,3,646,610,718
3CWP2.04,3CWP2,.04,2689,6082,40,18191
3CWP2.05,3CWP2,.05,5094,4184,21,15526
3DELT.01,3DELT,.01,5,58,24,104
3DES1.01,3DES1,.01,8699,27882,3,92795
3DES2.01,3DES2,.01,8027,5350,3,17959
3DEV1.01,3DEV1,.01,5,6,0,17
3DEV2.01,3DEV2,.01,5,21,0,94
3DTL1.02,3DTL1,.02,14903,2505,307,4972
3DTL2.03,3DTL2,.03,15,7306,814,18061
3DTL2.04,3DTL2,.04,362,3852,35,11034
3DTL2.05,3DTL2,.05,205,1371,69,3691
3DTL3.03,3DTL3,.03,363,2275,10,6939
3DTL3.04,3DTL3,.04,205,1044,39,2460
3DTP1.02,3DTP1,.02,19547,228,3,889
3DTP2.01,3DTP2,.01,502,211,2,1059
3DWT1.02,3DWT1,.02,11748,2705,317,7631
3ET91.03,3ET91,.03,15747,4333,617,8435
3ETG1.03,3ETG1,.03,4657,7392,1911,12872
3ETG1.04,3ETG1,.04,7305,6133,2126,10139
3ETV1.01,3ETV1,.01,15388,572,128,1708
3EXP1.04,3EXP1,.04,271,5825,30,14400
3EXP1.05,3EXP1,.05,10,6342,509,13452
3EXP1.06,3EXP1,.06,269,4236,805,10197
3FCD1.02,3FCD1,.02,15521,29464,6973,50418
3FCD1.03,3FCD1,.03,6721,22122,3600,41250
3FLP1.01,3FLP1,.01,1886,0,0,0
3FLP2.02,3FLP2,.02,1885,0,0,0
3HAS1.03,3HAS1,.03,5,35,15,56
3IRI1.03,3IRI1,.03,4484,3014,426,13418
3IRI1.04,3IRI1,.04,2398,2208,111,6116
3IRI1.05,3IRI1,.05,5488,4822,335,10842
3IRI2.07,3IRI2,.07,1,13533584,13533584,13533584
3IRI2.08,3IRI2,.08,4169,5263,931,12230
3IRI2.09,3IRI2,.09,442,2847,0,9372
3IRI2.10,3IRI2,.10,2447,6478,109,27733
3IRI2.11,3IRI2,.11,935,10472,684,51222
3IRI2.12,3IRI2,.12,22,33910,0,77534
3IRI2.13,3IRI2,.13,4373,4869,688,19321
3IRI3.03,3IRI3,.03,4651,3612,309,9297
3IRI3.04,3IRI3,.04,449,2617,27,6264
3IRI3.05,3IRI3,.05,2901,2945,54,6789
3IRI3.06,3IRI3,.06,6803,3433,404,7314
3IRI4.04,3IRI4,.04,5076,1282,320,2648
3IRI4.05,3IRI4,.05,2568,1263,243,2551
3IRI4.06,3IRI4,.06,6472,1470,339,3210
3IRI5.01,3IRI5,.01,507,748,2,2289
3IRI6.01,3IRI6,.01,12,1426,0,3333
3IRI6.02,3IRI6,.02,168,673,0,2416
3KCB2.02,3KCB2,.02,238170,14,0,30
3KE01.01,3KE01,.01,35949,0,0,0
3KG01.01,3KG01,.01,233405,0,0,0
3KOB2.01,3KOB2,.01,195081,17,9,32
3KOBW.01,3KOBW,.01,17,2,0,19
3KP01.04,3KP01,.04,200548,642,144,1495
3KP02.01,3KP02,.01,149791,0,0,0
3KP0W.01,3KP0W,.01,91,341,15,1009
3KR01.06,3KR01,.06,23,0,0,0
3KR01.07,3KR01,.07,129336,337,0,1839
3KR01.08,3KR01,.08,169150,1573,0,4926
3LMK1.03,3LMK1,.03,5488,6890,181,13580
3LMK1.04,3LMK1,.04,10209,5691,683,12396
3LMU1.02,3LMU1,.02,1,551,551,551
3LMU2.02,3LMU2,.02,5183,414,132,930
3LMU2.03,3LMU2,.03,17570,214,0,910
3LMU3.02,3LMU3,.02,181,420,145,886
3LMU3.03,3LMU3,.03,333,311,122,784
3MAP1.02,3MAP1,.02,472,0,0,0
3MAP2.01,3MAP2,.01,269,0,0,0
3MOV3.02,3MOV3,.02,3229,0,0,0
3MOV3.04,3MOV3,.04,12527,0,0,0
3MOV3.05,3MOV3,.05,7417,0,0,0
3MOV4.01,3MOV4,.01,23172,0,0,0
3MOV7.01,3MOV7,.01,46,0,0,0
3MOVA.01,3MOVA,.01,208,0,0,0
3MOVA.02,3MOVA,.02,44,0,0,0
3MOVB.01,3MOVB,.01,245,0,0,0
3MOVB.02,3MOVB,.02,1695,0,0,0
3MOVC.01,3MOVC,.01,1694,18,7,48
3MOVE.01,3MOVE,.01,10,0,0,0
3MOVE.02,3MOVE,.02,36,0,0,0
3MOVG.01,3MOVG,.01,17,2,0,6
3MVCC.01,3MVCC,.01,8362,0,0,0
3MVCC.02,3MVCC,.02,15041,10751,0,21547
3OC01.02,3OC01,.02,2079,0,0,0
3OC02.02,3OC02,.02,2117,135,0,523
3OC03.02,3OC03,.02,2159,113,0,398
3OC04.02,3OC04,.02,2977,0,0,0
3OC05.02,3OC05,.02,3107,25,0,160
3OC06.02,3OC06,.02,3201,23,0,152
3OC07.02,3OC07,.02,2990,25,0,159
3ORT1.01,3ORT1,.01,9,18,0,61
3ORV1.01,3ORV1,.01,5,7,0,14
3ORV2.01,3ORV2,.01,5,17,0,73
3ORV3.01,3ORV3,.01,5,3,0,17
3PGD1.01,3PGD1,.01,11590,3895,2328,5216
3PGW6.02,3PGW6,.02,4260,0,0,0
3PGW6.03,3PGW6,.03,10,0,0,0
3PGW6.04,3PGW6,.04,7131,0,0,0
3PGW7.01,3PGW7,.01,4285,821,429,1858
3PGW7.02,3PGW7,.02,22,571,0,2161
3PGW7.03,3PGW7,.03,5,2233,0,7707
3PGW7.04,3PGW7,.04,7363,701,429,1202
3PIN1.03,3PIN1,.03,4057,0,0,0
3PIN1.04,3PIN1,.04,3466,0,0,0
3PIN1.05,3PIN1,.05,1235,0,0,0
3PIN1.06,3PIN1,.06,2124,0,0,0
3PIN2.01,3PIN2,.01,3947,228,130,432
3PIN2.02,3PIN2,.02,6848,255,128,568
3PIN2.03,3PIN2,.03,262,2302,132,20323
3PIN2.04,3PIN2,.04,35,1891,207,5385
3PIN3.01,3PIN3,.01,4166,223,126,430
3PIN3.02,3PIN3,.02,6439,233,130,451
3PIN3.03,3PIN3,.03,526,3124,137,23992
3PIN3.04,3PIN3,.04,325,10179,132,43721
3PIN3.05,3PIN3,.05,20,1247,156,3312
3PIN4.02,3PIN4,.02,4768,1664,168,3779
3PIN4.03,3PIN4,.03,309,1315,135,2592
3PIN4.04,3PIN4,.04,4386,1565,196,3155
3PIN4.07,3PIN4,.07,29,1015,0,3639
3PIN4.08,3PIN4,.08,4739,1636,205,3591
3PIN5.01,3PIN5,.01,8941,0,0,0
3PIN5.02,3PIN5,.02,4440,0,0,0
3PIN6.01,3PIN6,.01,5040,344,124,1306
3PIN6.02,3PIN6,.02,8984,282,123,745
3PSP1.02,3PSP1,.02,5148,374,8,925
3PSP1.03,3PSP1,.03,116,436,0,1167
3PSP1.05,3PSP1,.05,16,353,0,833
3PSP1.06,3PSP1,.06,30,413,60,724
3PSP1.07,3PSP1,.07,8692,422,0,1010
3PST1.02,3PST1,.02,5,81655,0,408202
3PSV1.01,3PSV1,.01,4,11,0,30
3PSV2.01,3PSV2,.01,4,0,0,0
3PSV3.01,3PSV3,.01,4,42,16,92
3PWP1.04,3PWP1,.04,4383,5193,1062,9323
3PWP1.05,3PWP1,.05,7501,3917,1088,6745
3RFD1.01,3RFD1,.01,1346,3,0,6
3RFD1.02,3RFD1,.02,2,515,0,1031
3RRM1.03,3RRM1,.03,12336,2154,893,3410
3RRM2.03,3RRM2,.03,14376,4765,2143,7716
3RRM3.03,3RRM3,.03,14637,6530,3938,11456
3RRM4.01,3RRM4,.01,9283,1411,2,3430
3RTM1.04,3RTM1,.04,4149,1192,431,2149
3RTM1.05,3RTM1,.05,169,1270,555,2326
3RTM1.06,3RTM1,.06,4611,1271,437,2507
3RTM1.07,3RTM1,.07,2716,1251,745,2986
3RTM2.05,3RTM2,.05,5068,1034,519,1826
3RTM2.06,3RTM2,.06,169,993,711,1552
3RTM2.07,3RTM2,.07,5326,989,411,1998
3RTM2.08,3RTM2,.08,3819,1019,397,2827
3RTM3.04,3RTM3,.04,5032,1113,592,2065
3RTM3.05,3RTM3,.05,175,1164,416,2210
3RTM3.06,3RTM3,.06,5174,1050,418,2104
3RTM3.07,3RTM3,.07,3679,1075,428,2859
3SAT1.04,3SAT1,.04,4297,0,0,0
3SAT1.05,3SAT1,.05,7129,0,0,0
3SAT2.03,3SAT2,.03,4352,3917,2290,5543
3SAT2.04,3SAT2,.04,7531,4372,2407,6336
3SC01.01,3SC01,.01,1237,0,0,0
3SC01.02,3SC01,.02,305,3,0,80
3SC01.03,3SC01,.03,347,0,0,0
3SC01.04,3SC01,.04,630,0,0,0
3SC01.05,3SC01,.05,3457,757,147,1366
3SC02.01,3SC02,.01,1517,0,0,0
3SC02.02,3SC02,.02,412,0,0,0
3SC02.03,3SC02,.03,450,0,0,0
3SC02.04,3SC02,.04,1259,28,0,234
3SC02.05,3SC02,.05,4381,516,157,1004
3SC04.01,3SC04,.01,1869,0,0,0
3SLE1.03,3SLE1,.03,1220,2597,1775,3826
3SLE1.04,3SLE1,.04,10498,2166,1382,2949
3SLE2.04,3SLE2,.04,14115,2330,1710,2993
3SMD1.03,3SMD1,.03,10960,2906,1773,4758
3SMD2.02,3SMD2,.02,14626,3563,470,5938
3SMD3.02,3SMD3,.02,14348,3503,465,5857
3SMI1.02,3SMI1,.02,4177,574,153,1747
3SMI1.03,3SMI1,.03,17,718,295,1572
3SMI1.04,3SMI1,.04,164,766,209,2595
3SMI1.05,3SMI1,.05,7166,798,139,2456
3SNP1.02,3SNP1,.02,12007,3122,856,5387
3SPC1.01,3SPC1,.01,4301,2316,1802,3258
3SPC1.02,3SPC1,.02,6624,2294,1298,3314
3SPL1.02,3SPL1,.02,11752,12023,6512,16936
3SPL1.03,3SPL1,.03,406,13803,1161,29231
3SPM1.04,3SPM1,.04,2347,4688,726,8649
3SPM1.05,3SPM1,.05,2303,4270,820,7971
3SPM1.06,3SPM1,.06,7530,3530,795,6264
3SPM1.07,3SPM1,.07,327,4454,739,13034
3SRD1.01,3SRD1,.01,11454,953,506,1580
3SRD2.01,3SRD2,.01,11217,1002,550,1684
3SRD3.02,3SRD3,.02,13983,142,0,790
3SRD4.01,3SRD4,.01,14281,0,0,0
3SRD5.01,3SRD5,.01,13897,21,0,245
3SRD6.01,3SRD6,.01,4056,0,0,0
3SRD6.03,3SRD6,.03,6861,148,2,424
3SRD6.04,3SRD6,.04,416,202,2,655
3SRD7.01,3SRD7,.01,4051,0,0,0
3SRD7.02,3SRD7,.02,6768,193,2,493
3SRD7.03,3SRD7,.03,395,230,3,659
3SRD7.04,3SRD7,.04,13,303,13,914
3SRD8.01,3SRD8,.01,5219,147,2,433
3SRD8.02,3SRD8,.02,9215,237,89,499
3SRD9.01,3SRD9,.01,5126,181,2,584
3SRD9.02,3SRD9,.02,8954,1502,94,9094
3SRDB.01,3SRDB,.01,8386,577,2,1596
3SRI1.06,3SRI1,.06,4194,2049,206,5975
3SRI1.07,3SRI1,.07,7,2180,252,3951
3SRI1.08,3SRI1,.08,341,3260,237,7813
3SRI1.09,3SRI1,.09,3806,5150,253,13164
3SRI1.10,3SRI1,.10,3,3711,0,11133
3SRI1.11,3SRI1,.11,3725,16489,900,57916
3SRI3.01,3SRI3,.01,9419,0,0,0
3SRI3.02,3SRI3,.02,4683,0,0,0
3SRM1.04,3SRM1,.04,3739,1029,350,2411
3SRM1.05,3SRM1,.05,31,723,310,1517
3SRM1.06,3SRM1,.06,127,1350,316,4427
3SRM1.08,3SRM1,.08,116,886,346,1882
3SRM1.09,3SRM1,.09,3,819,311,1514
3SRM1.11,3SRM1,.11,21,678,0,2242
3SRM1.12,3SRM1,.12,6828,558,332,1136
3STD1.03,3STD1,.03,266,21201,177,43902
3STD1.04,3STD1,.04,279,11157,1753,24968
3T001.02,3T001,.02,7,251,14,1267
3T0V1.02,3T0V1,.02,7,20,0,79
3T2D1.03,3T2D1,.03,5302,1106,471,1364
3T2D1.04,3T2D1,.04,8913,978,295,1672
3TC01.03,3TC01,.03,5,19,11,25
3TED1.01,3TED1,.01,13844,4228,794,7950
3TFI1.04,3TFI1,.04,1,40547290,40547290,40547290
3TFI1.06,3TFI1,.06,17851,84081,1722,323229
3TFI1.07,3TFI1,.07,6612,59860,7226,164105
3TI06.05,3TI06,.05,301,368865,29,1704969
3TI06.06,3TI06,.06,221,97112,3744,289315
3TI08.01,3TI08,.01,210,0,0,0
3TI09.01,3TI09,.01,132,0,0,0
3TMG1.01,3TMG1,.01,11606,1209,353,3122
3TPL1.02,3TPL1,.02,16598,10355,2957,17752
3TPL2.02,3TPL2,.02,1021,0,0,0
3TPM1.05,3TPM1,.05,5679,4848,528,9434
3TPM1.06,3TPM1,.06,9241,3582,798,9380
3TPM7.01,3TPM7,.01,2777,0,0,0
3TSC1.01,3TSC1,.01,5306,1070,421,1679
3TSC1.02,3TSC1,.02,8891,892,274,1632
3TSC2.01,3TSC2,.01,5381,4000,1737,6227
3TSC2.02,3TSC2,.02,8391,3379,1081,5997
3TSD1.01,3TSD1,.01,14002,1413,327,2650
3TSD2.03,3TSD2,.03,14502,7639,1520,14367
3TSE1.02,3TSE1,.02,5296,634,286,889
3TSE1.03,3TSE1,.03,8834,635,278,1038
3TSE2.02,3TSE2,.02,5417,1225,309,4259
3TSE2.03,3TSE2,.03,8480,1046,268,3717
3TSP1.01,3TSP1,.01,14625,3304,581,6026
3TT04.04,3TT04,.04,229,15438,2,53053
3TT04.05,3TT04,.05,320,24960,0,90066
3TT04.06,3TT04,.06,123,44530,17513,71546
3TUV1.03,3TUV1,.03,3,0,0,0
3TUV1.04,3TUV1,.04,12704,676,144,1714
3TUV1.05,3TUV1,.05,11117,483,60,905
3TVI1.07,3TVI1,.07,5,0,0,0
3TVI1.08,3TVI1,.08,177519,41395,9822,87724
3TVI1.09,3TVI1,.09,89321,48607,9005,107185
3TVI1.10,3TVI1,.10,25970,36353,7176,81836
3TVI2.06,3TVI2,.06,5850,70188,13575,146165
3TVI2.07,3TVI2,.07,1846,52433,9053,113565
3TVI2.08,3TVI2,.08,1266,38459,7067,82778
3TVI2.09,3TVI2,.09,592,40870,7430,92457
3UVI1.02,3UVI1,.02,5399,1868,2,5327
3UVI1.03,3UVI1,.03,6124,1754,489,3071
3UVI2.01,3UVI2,.01,5384,1098,2,4305
3UVI2.02,3UVI2,.02,6129,1963,421,4943
3UVI4.01,3UVI4,.01,11,5,0,18
3UVI4.02,3UVI4,.02,9,7,0,28
3VDC1.04,3VDC1,.04,5642,1736,258,3213
3VDC1.05,3VDC1,.05,15,2067,0,5290
3VDC1.06,3VDC1,.06,5,1976,1352,2257
3VDC1.07,3VDC1,.07,65,2092,557,4044
3VDC1.08,3VDC1,.08,8780,2296,0,6197
3VI01.01,3VI01,.01,211,0,0,0
3VI01.02,3VI01,.02,6226,25,2,90
3VI01.03,3VI01,.03,629,10,2,39
3VI02.01,3VI02,.01,203,0,0,0
3VI02.02,3VI02,.02,404,18,0,98
3VI02.03,3VI02,.03,1600,35,7,133
3VI02.04,3VI02,.04,2,0,0,0
3VI02.05,3VI02,.05,3636,37,6,134
3VI02.06,3VI02,.06,1235,28,5,118
3VI03.01,3VI03,.01,203,0,0,0
3VI03.02,3VI03,.02,425,5,0,21
3VI04.01,3VI04,.01,354,0,0,0
3VI04.02,3VI04,.02,3442,0,0,0
3VI04.03,3VI04,.03,3344,0,0,0
3VI05.02,3VI05,.02,2267,49,0,159
3VI05.03,3VI05,.03,4,146,0,265
3VI05.04,3VI05,.04,5069,47,4,146
3VI06.01,3VI06,.01,135,0,0,0
3VI06.02,3VI06,.02,4337,110,0,364
3VI07.01,3VI07,.01,129,0,0,0
3VI07.02,3VI07,.02,34,0,0,0
3VI07.03,3VI07,.03,2,0,0,0
3VI07.04,3VI07,.04,119,0,0,2
3VI07.05,3VI07,.05,3538,4,0,9
3VI07.06,3VI07,.06,276,2,0,3
3VI07.07,3VI07,.07,2,3,3,3
3VI07.08,3VI07,.08,3372,3129,2,7807
3VI08.01,3VI08,.01,201,0,0,0
3VI08.02,3VI08,.02,7278,43,2,169
3VI09.01,3VI09,.01,196,0,0,0
3VI09.02,3VI09,.02,9122,4743,2,29615
3VI10.02,3VI10,.02,53,0,0,0
3VI10.03,3VI10,.03,143,0,0,0
3VI10.04,3VI10,.04,404,18,0,90
3VI10.05,3VI10,.05,1764,26,4,108
3VI10.06,3VI10,.06,8,9,0,27
3VI10.07,3VI10,.07,5040,21,3,87
3VI10.08,3VI10,.08,1610,39,3,201
3VI11.01,3VI11,.01,197,0,0,0
3VI11.02,3VI11,.02,413,5,0,24
3VI12.02,3VI12,.02,2272,65,0,246
3VI12.03,3VI12,.03,3,119,30,255
3VI12.04,3VI12,.04,7667,42,0,157
3VI13.02,3VI13,.02,7210,21,2,76
3VI14.01,3VI14,.01,2172,60,0,193
3VI14.02,3VI14,.02,6,17,0,89
3VI14.03,3VI14,.03,13035,19,0,88
3VI15.01,3VI15,.01,110,0,0,0
3VI15.02,3VI15,.02,391,24,0,125
3VI15.03,3VI15,.03,1626,40,4,160
3VI15.04,3VI15,.04,2,4,4,5
3VI15.05,3VI15,.05,5014,22,3,88
3VI15.06,3VI15,.06,1540,27,3,112
3VI16.01,3VI16,.01,111,0,0,0
3VI16.02,3VI16,.02,441,7,0,27
3VI17.01,3VI17,.01,139,0,0,0
3VI17.02,3VI17,.02,8693,25,2,102
3VI18.01,3VI18,.01,8915,7,2,21
3VI19.01,3VI19,.01,131,0,0,0
3VI19.02,3VI19,.02,3,0,0,0
3VI19.03,3VI19,.03,8535,18,2,82
3VI19.04,3VI19,.04,286,7,2,32
3VI20.01,3VI20,.01,131,0,0,0
3VI20.02,3VI20,.02,9415,7,2,21
3VI21.01,3VI21,.01,123,0,0,0
3VI21.02,3VI21,.02,9232,218,3,580
3VI22.02,3VI22,.02,117,2,0,15
3VI22.03,3VI22,.03,7074,26,2,117
3VI23.02,3VI23,.02,9128,13,2,50
3VI24.01,3VI24,.01,34,0,0,0
3VI24.02,3VI24,.02,297,8,3,18
3VI26.01,3VI26,.01,21,6,2,17
3VI26.02,3VI26,.02,1043,16,2,71
3VI27.01,3VI27,.01,65,0,0,0
3VI28.01,3VI28,.01,46,0,0,0
3VI29.01,3VI29,.01,38,0,0,0
3VI30.01,3VI30,.01,24,0,0,0
3VI30.03,3VI30,.03,12,0,0,0
3WFS1.01,3WFS1,.01,17,0,0,0
3WFS1.02,3WFS1,.02,1647,0,0,0
3WFS2.01,3WFS2,.01,1897,0,0,0
3WST1.05,3WST1,.05,12498,2410,865,3954
3WTM3.02,3WTM3,.02,4644,0,0,0
3WTM3.03,3WTM3,.03,14,0,0,0
3WTM3.04,3WTM3,.04,8905,0,0,0
3WTM4.01,3WTM4,.01,4823,1284,428,4082
3WTM4.02,3WTM4,.02,17,1270,0,3028
3WTM4.03,3WTM4,.03,9333,797,284,2008
3WTM6.01,3WTM6,.01,18,450,21,755
3WTM7.01,3WTM7,.01,15,0,0,0
3WWB2.02,3WWB2,.02,9035,8427,0,26006
3WWB3.02,3WWB3,.02,6546,10382,0,22234
3WWB3.03,3WWB3,.03,2273,12409,114,25310
S3RF1.01,S3RF1,.01,3,0,0,0
S6R01.01,S6R01,.01,8,0,0,0
SAT01.01,SAT01,.01,487,0,0,0
SBIN3.03,SBIN3,.03,2112,10,0,33
SBIN3.04,SBIN3,.04,28197,0,0,3
SBIN4.01,SBIN4,.01,2285,4,0,12
SBK01.01,SBK01,.01,89,21614308,0,48131051
SCAS2.01,SCAS2,.01,839,1,0,15
SCAS3.01,SCAS3,.01,13625,4,0,14
SCAS4.01,SCAS4,.01,2857,3,2,7
SCAS5.01,SCAS5,.01,4773,3,2,5
SCAS6.01,SCAS6,.01,7999,4,2,8
SCAS7.01,SCAS7,.01,4414,3,0,6
SCAS8.01,SCAS8,.01,12264,4,2,8
SCAS9.01,SCAS9,.01,2815,4,2,12
SDD01.10,SDD01,.10,1135,50848,22238,79457
SDD01.11,SDD01,.11,1004,43884,10178,77589
SDD02.06,SDD02,.06,15244,74819,17395,132242
SDD02.07,SDD02,.07,16162,60300,19675,100924
SDD03.05,SDD03,.05,2517,69049,10849,137671
SDD03.06,SDD03,.06,1098,58418,30730,84475
SDD62.09,SDD62,.09,1,9904171,9904171,9904171
SDD62.10,SDD62,.10,4644,115763,39295,192230
SDD62.12,SDD62,.12,6149,78784,24137,133430
SDD62.13,SDD62,.13,10757,79939,32747,127130
SDM01.06,SDM01,.06,1795,1370,9,4097
SDM01.11,SDM01,.11,196,2351,89,6177
SDM02.06,SDM02,.06,23920,1220,8,3047
SDM02.07,SDM02,.07,11,67076,0,335273
SDM02.08,SDM02,.08,2,21,0,42
SDM02.09,SDM02,.09,2,1170,1070,1271
SDM02.11,SDM02,.11,3284,1022,618,1425
SDM03.05,SDM03,.05,38072,43734,0,142161
SDM04.05,SDM04,.05,43430,40941,0,101173
SDM05.02,SDM05,.02,1023,48286,28839,96030
SDM62.07,SDM62,.07,3877,1072,0,3696
SDM62.08,SDM62,.08,6,3249,0,6794
SDM62.09,SDM62,.09,1,272,272,272
SDM62.10,SDM62,.10,8894,2287,546,5364
SDM62.11,SDM62,.11,6,5164,0,15807
SDM62.12,SDM62,.12,1,6700,6700,6700
SDM62.13,SDM62,.13,2067,1648,13,3421
SDT02.01,SDT02,.01,29322,913,63,1762
SDT61.03,SDT61,.03,16948,1031,356,1705
SGA01.04,SGA01,.04,388,20923,8221,45807
SGA01.05,SGA01,.05,1421,13503,9606,19889
SGC01.03,SGC01,.03,183,30995,579,103580
SGC01.05,SGC01,.05,1582,7574,418,25407
SGD01.05,SGD01,.05,1866,4403,2359,6446
SGF01.03,SGF01,.03,5127,2723,720,6713
SGF01.04,SGF01,.04,11692,1742,0,6411
SGG01.05,SGG01,.05,1188,4124,2461,5786
SGG01.07,SGG01,.07,738,3906,1717,6094
SGG02.05,SGG02,.05,15972,4671,2782,6559
SGG02.06,SGG02,.06,2,531,0,1062
SGG02.07,SGG02,.07,10007,4378,2898,5857
SGG06.03,SGG06,.03,1097,5421,971,9605
SGG07.01,SGG07,.01,601,8139,3402,11972
SGG62.06,SGG62,.06,4006,5288,4205,6821
SGG62.07,SGG62,.07,5939,5197,3383,7010
SGG62.08,SGG62,.08,2,5,0,10
SGG62.09,SGG62,.09,5525,4818,2520,7115
SGG6A.01,SGG6A,.01,251,6025,2450,8773
SGL03.08,SGL03,.08,27750,2814,1084,5135
SGL62.01,SGL62,.01,288,3857,514,7269
SGL63.06,SGL63,.06,15453,3474,881,7047
SGM01.07,SGM01,.07,10547,5420,1818,11340
SGM01.08,SGM01,.08,18053,4986,1563,11483
SGM01.09,SGM01,.09,115,4622,1881,9959
SGM03.03,SGM03,.03,9395,1005,274,2384
SGM03.05,SGM03,.05,1509,1048,450,2194
SGM03.07,SGM03,.07,14182,757,493,1020
SGM03.08,SGM03,.08,1582,710,484,935
SGM05.01,SGM05,.01,1854,55,2,505
SGM06.01,SGM06,.01,466,223,2,1208
SGM06.02,SGM06,.02,1341,511,2,2237
SGM06.03,SGM06,.03,8,1652,2,4002
SGM06.04,SGM06,.04,55,427,2,3829
SGM61.03,SGM61,.03,6291,7081,1911,20856
SGM61.04,SGM61,.04,9945,4590,1802,11495
SGM61.05,SGM61,.05,124,4021,1618,10142
SGM63.03,SGM63,.03,3923,327,2,1111
SGM63.05,SGM63,.05,1453,941,356,1951
SGM63.06,SGM63,.06,728,843,242,1887
SGM63.08,SGM63,.08,8234,711,527,894
SGM63.09,SGM63,.09,953,705,415,994
SGM64.01,SGM64,.01,3,123,7,355
SGN01.05,SGN01,.05,1826,4610,218,13792
SGN02.09,SGN02,.09,1897,2714,267,8911
SGN03.10,SGN03,.10,16033,1902,877,3654
SGN03.11,SGN03,.11,10468,1303,643,2065
SGN04.05,SGN04,.05,446,2039,568,5147
SGN04.06,SGN04,.06,497,1353,507,2989
SGN63.11,SGN63,.11,3919,2867,1296,5448
SGN63.12,SGN63,.12,5799,2546,1178,5342
SGN63.13,SGN63,.13,5615,1460,734,2185
SGR01.02,SGR01,.02,395,7082,2092,13401
SGR01.03,SGR01,.03,1415,7561,1179,15399
SGS01.02,SGS01,.02,244,3,2,5
SGS02.02,SGS02,.02,18,6414,1463,19320
SGS02.04,SGS02,.04,118,5548,896,16148
SGS03.03,SGS03,.03,286,6116,571,20004
SGS03.04,SGS03,.04,1448,4663,1016,12386
SGS04.05,SGS04,.05,5980,4309,0,9149
SGS04.06,SGS04,.06,21940,4276,869,8586
SGS64.05,SGS64,.05,2761,7626,0,16561
SGS64.07,SGS64,.07,2634,4294,0,13079
SGS64.08,SGS64,.08,8808,6095,2979,10825
SGS64.09,SGS64,.09,2492,5193,2192,9002
SGU01.02,SGU01,.02,393,42662,23704,84530
SGU01.03,SGU01,.03,1421,31833,25307,42517
SGU03.07,SGU03,.07,7,0,0,0
SGU03.08,SGU03,.08,8719,2825,0,11116
SGU03.09,SGU03,.09,34302,703,159,1323
SGU63.08,SGU63,.08,3725,4517,0,15812
SGU63.09,SGU63,.09,1323,1258,29,2578
SGU63.10,SGU63,.10,20080,654,172,1221
SHAS1.01,SHAS1,.01,67,19387290,0,48171552
SKC02.02,SKC02,.02,348929,68,9,275
SKE01.01,SKE01,.01,72799,0,0,0
SKG01.01,SKG01,.01,346967,0,0,0
SKO0W.01,SKO0W,.01,26,9,0,24
SKP01.05,SKP01,.05,352317,547,117,1385
SKP02.01,SKP02,.01,278558,0,0,0
SKP0W.01,SKP0W,.01,145,228,16,631
SKQ01.01,SKQ01,.01,39758,0,0,0
SKR02.04,SKR02,.04,326662,1765,8,5224
SKR02.05,SKR02,.05,31412,1930,255,4458
SKR03.03,SKR03,.03,316668,0,0,0
SKR03.04,SKR03,.04,28596,0,0,0
SLI01.04,SLI01,.04,25932,799,0,2597
SLI01.05,SLI01,.05,12551,1396,579,2212
SLI02.02,SLI02,.02,990,620,3,1894
SLI02.03,SLI02,.03,812,1146,192,2147
SLI03.02,SLI03,.02,26424,750,0,2527
SLI03.03,SLI03,.03,12362,1366,503,2228
SLI04.02,SLI04,.02,10444,62,0,504
SLI04.03,SLI04,.03,4391,278,0,1356
SLI04.04,SLI04,.04,10128,12,0,156
SLI05.02,SLI05,.02,11159,47,0,399
SLI05.03,SLI05,.03,4503,229,0,1093
SLI05.04,SLI05,.04,11468,6,0,101
SLI61.01,SLI61,.01,6109,2019,321,3924
SLI63.01,SLI63,.01,6023,1968,319,3860
SLP01.07,SLP01,.07,415,6408,109,14248
SLP01.08,SLP01,.08,1564,4689,616,8761
SLP02.04,SLP02,.04,385,5582,2092,9995
SLP02.05,SLP02,.05,1490,5157,2334,9220
SLP03.05,SLP03,.05,448,3506,1039,7734
SLP03.06,SLP03,.06,560,4108,860,7448
SLP03.09,SLP03,.09,940,4410,1362,8223
SLP08.02,SLP08,.02,22,4350,40,10835
SLP08.03,SLP08,.03,18,4462,1013,7439
SLP09.03,SLP09,.03,34,2570,110,7180
SLP09.04,SLP09,.04,8,4083,2451,7455
SLP10.03,SLP10,.03,8,7597,1418,13897
SLP12.02,SLP12,.02,10395,4807,1286,9182
SLP12.03,SLP12,.03,3843,4403,1837,7387
SLP12.06,SLP12,.06,13020,4746,2245,8396
SLP12.07,SLP12,.07,7,5392,3273,6489
SLP13.02,SLP13,.02,10207,7492,2043,13346
SLP13.03,SLP13,.03,17052,7371,3979,12515
SLP13.04,SLP13,.04,5,9413,7152,11860
SLP61.03,SLP61,.03,5767,6521,3127,9914
SLP61.04,SLP61,.04,9752,5854,4071,8069
SLP62.01,SLP62,.01,18,1749,0,6327
SLP62.02,SLP62,.02,18,2453,0,6003
SLP63.03,SLP63,.03,5843,4377,1827,6926
SLP63.04,SLP63,.04,2632,3941,3211,5502
SLP63.05,SLP63,.05,767,3641,3160,4657
SLP63.06,SLP63,.06,6207,3952,2652,5757
SLP64.01,SLP64,.01,22,1387,0,5846
SLP64.02,SLP64,.02,4,2390,0,3299
SLP64.03,SLP64,.03,17,1902,0,5734
SLR01.09,SLR01,.09,16132,4549,3172,6559
SLR01.10,SLR01,.10,12363,4519,3168,6468
SLR02.08,SLR02,.08,7444,4757,3754,6900
SLR02.09,SLR02,.09,19377,4680,3758,6540
SLR05.04,SLR05,.04,145,3480,55,8373
SLR05.05,SLR05,.05,604,3300,160,6265
SLR10.04,SLR10,.04,140,6258,3106,14633
SLR10.05,SLR10,.05,449,4339,2347,6330
SLR12.02,SLR12,.02,265,5001,3771,7774
SLR12.03,SLR12,.03,1559,4861,3763,6909
SLR61.08,SLR61,.08,9417,4477,2441,6512
SLR61.09,SLR61,.09,6082,4481,3175,6278
SLR62.06,SLR62,.06,4219,4431,2137,6724
SLR62.07,SLR62,.07,11389,4362,3758,5798
SLR65.03,SLR65,.03,44,4383,1980,7176
SLR65.04,SLR65,.04,52,3459,365,6525
SLR66.01,SLR66,.01,95,3781,1630,5931
SLR66.02,SLR66,.02,162,4303,1962,6543
SLR66.03,SLR66,.03,71,4316,3168,6137
SLR67.01,SLR67,.01,1,3585,3585,3585
SLR67.02,SLR67,.02,10,8884,0,60090
SLR69.01,SLR69,.01,3,3787,2573,4698
SLW02.01,SLW02,.01,679,56,0,376
SMOV1.03,SMOV1,.03,57898,0,0,0
SMOV2.01,SMOV2,.01,793,5,2,21
SMOV3.06,SMOV3,.06,49423,0,0,0
SMOV3.07,SMOV3,.07,16654,0,0,0
SMOV4.02,SMOV4,.02,66078,0,0,0
SMOV5.03,SMOV5,.03,44063,27,0,439
SMOV6.01,SMOV6,.01,84030,84,5,319
SMOV8.01,SMOV8,.01,45630,0,0,0
SMOV9.01,SMOV9,.01,44282,1,0,11
SMOVA.02,SMOVA,.02,40950,0,0,2
SMOVE.01,SMOVE,.01,49420,0,0,0
SMOVE.02,SMOVE,.02,16653,0,0,0
SMOVG.01,SMOVG,.01,539,11,5,21
SMOVG.02,SMOVG,.02,24682,10,5,38
SMOVH.01,SMOVH,.01,57440,0,0,0
SMOVK.02,SMOVK,.02,20284,0,0,0
SMOVL.01,SMOVL,.01,2646,0,0,0
SMOVM.01,SMOVM,.01,215,0,0,0
SMOVN.01,SMOVN,.01,6822,1,0,13
SMVCC.01,SMVCC,.01,39228,15730,4083,30131
SMVCW.01,SMVCW,.01,2912,11626,3005,24536
SOB01.07,SOB01,.07,1016,5420,1560,11663
SOB01.08,SOB01,.08,815,3118,1584,6013
SOB02.02,SOB02,.02,989,3525,377,9034
SOB02.03,SOB02,.03,728,1587,279,3867
SOB02.04,SOB02,.04,71,2091,444,5647
SOC01.11,SOC01,.11,10276,3893,572,9884
SOC01.12,SOC01,.12,5645,2635,353,7107
SOC01.13,SOC01,.13,232,1449,300,3639
SOC01.14,SOC01,.14,12059,1446,464,3072
SOC03.04,SOC03,.04,5849,4560,677,11695
SOC03.05,SOC03,.05,3682,2413,360,6537
SOC03.06,SOC03,.06,160,1407,382,3251
SOC03.07,SOC03,.07,5709,1797,684,3288
SOC20.01,SOC20,.01,36,4,0,57
SOC20.02,SOC20,.02,833,139,0,577
SOC21.01,SOC21,.01,856,0,0,0
SOC22.01,SOC22,.01,854,0,0,0
SOC23.01,SOC23,.01,884,0,0,0
SOC24.01,SOC24,.01,857,0,0,0
SOC25.01,SOC25,.01,862,0,0,0
SOC26.01,SOC26,.01,865,0,0,0
SOC27.01,SOC27,.01,38,3,0,50
SOC27.02,SOC27,.02,827,96,0,354
SOC28.01,SOC28,.01,870,0,0,0
SOC29.01,SOC29,.01,867,0,0,0
SOC2A.01,SOC2A,.01,864,151,0,670
SOC41.01,SOC41,.01,12750,0,0,0
SOC42.01,SOC42,.01,12982,0,0,0
SOC43.01,SOC43,.01,12844,91,0,364
SOC44.01,SOC44,.01,12715,0,0,0
SOC45.01,SOC45,.01,234,0,0,0
SOC45.02,SOC45,.02,14,0,0,0
SOC45.03,SOC45,.03,3994,0,0,0
SOC45.04,SOC45,.04,8500,0,0,0
SOC46.01,SOC46,.01,13087,0,0,0
SOC47.01,SOC47,.01,12692,0,0,0
SOC48.01,SOC48,.01,135,0,0,0
SOC48.02,SOC48,.02,12510,85,0,320
SOC61.01,SOC61,.01,1851,269,0,837
SOC61.02,SOC61,.02,7852,343,0,937
SOC62.01,SOC62,.01,9535,134,0,517
SOC63.01,SOC63,.01,7109,79,0,298
SOC64.01,SOC64,.01,7012,148,0,436
SOC65.01,SOC65,.01,356,0,0,0
SOC65.02,SOC65,.02,9535,73,0,280
SOC66.01,SOC66,.01,7101,62,0,264
SOD01.07,SOD01,.07,1146,5236,877,11080
SOD01.08,SOD01,.08,776,3645,1705,5798
SOD02.07,SOD02,.07,43,4387,1329,8753
SOD02.08,SOD02,.08,7,3239,1691,6660
SOD03.05,SOD03,.05,25808,3010,0,7816
SOD04.06,SOD04,.06,14721,3189,1204,6999
SOD04.07,SOD04,.07,10939,2276,1232,4242
SOD05.04,SOD05,.04,1591,6063,2475,13921
SOD06.09,SOD06,.09,29525,8045,14,23257
SOD08.05,SOD08,.05,24808,28,0,391
SOD09.08,SOD09,.08,26864,5,0,186
SOD0B.01,SOD0B,.01,26804,0,0,0
SOD10.04,SOD10,.04,1520,0,0,0
SOD61.01,SOD61,.01,197,0,0,0
SOD62.04,SOD62,.04,4967,3567,1637,8171
SOD62.05,SOD62,.05,4342,2911,1763,5518
SOD62.06,SOD62,.06,5611,2827,1436,5085
SOD63.07,SOD63,.07,4934,4985,1950,12217
SOD63.08,SOD63,.08,8262,5163,1869,12071
SOD63.09,SOD63,.09,2069,6902,1503,16826
SOD64.04,SOD64,.04,679,11347,790,41438
SOD66.09,SOD66,.09,15923,7852,1004,15731
SOD68.06,SOD68,.06,4823,0,0,0
SOD68.07,SOD68,.07,10000,0,0,0
SOD69.08,SOD69,.08,14858,0,0,0
SOD6A.01,SOD6A,.01,245,2780,1205,4407
SOD6B.01,SOD6B,.01,14861,0,0,0
SOE01.04,SOE01,.04,990,5001,2542,10140
SOE01.05,SOE01,.05,815,3502,2536,5383
SOE02.03,SOE02,.03,15937,3021,2192,4534
SOE02.04,SOE02,.04,12283,2638,2191,3729
SOE04.04,SOE04,.04,14503,3346,2540,5142
SOE04.05,SOE04,.05,11519,2881,2536,3795
SOE06.03,SOE06,.03,207,1490,0,4344
SOE08.02,SOE08,.02,39,3814,2189,7788
SOE09.02,SOE09,.02,35,1092,0,2971
SOE10.02,SOE10,.02,35,1275,0,3314
SOE62.06,SOE62,.06,8886,2943,2193,4421
SOE62.07,SOE62,.07,5725,2513,2192,3445
SOE63.03,SOE63,.03,254,2601,2424,3212
SOE64.06,SOE64,.06,8757,2959,2543,4004
SOE64.07,SOE64,.07,4021,2747,2538,3431
SOE65.02,SOE65,.02,137,4272,3,15831
SOE66.02,SOE66,.02,42,740,0,3162
SOE67.04,SOE67,.04,73,3076,2266,4659
SOE67.05,SOE67,.05,284,2723,2262,3729
SOE67.06,SOE67,.06,1741,2795,2538,3594
SOE69.02,SOE69,.02,249,1695,0,4603
SOE6A.02,SOE6A,.02,245,1000,0,3708
SOE6B.01,SOE6B,.01,8,1979,1796,2312
SOEV1.03,SOEV1,.03,24,2817,2262,3912
SOEV1.04,SOEV1,.04,91,2959,2535,3989
SOH01.14,SOH01,.14,17125,4749,858,11152
SOH01.15,SOH01,.15,12743,3483,680,7144
SOH61.07,SOH61,.07,9922,7365,1171,18429
SOH61.08,SOH61,.08,6247,5312,1013,10541
SOI01.04,SOI01,.04,1074,4318,1435,9571
SOI01.05,SOI01,.05,771,3021,1445,5340
SOJ01.02,SOJ01,.02,12801,8157,1181,16863
SOJ01.03,SOJ01,.03,3775,3055,595,6236
SOJ01.04,SOJ01,.04,12563,3362,563,6999
SOJ61.02,SOJ61,.02,6668,4694,370,11363
SOJ61.03,SOJ61,.03,2501,3255,513,6547
SOJ61.04,SOJ61,.04,6383,3169,30,6594
SOK01.05,SOK01,.05,18,2766,3,6250
SOK01.06,SOK01,.06,9,3856,0,10238
SOK01.07,SOK01,.07,26,1525,243,3473
SOK01.09,SOK01,.09,1,1817,1817,1817
SOK01.10,SOK01,.10,89,1603,389,2892
SOK02.06,SOK02,.06,272,8025,1297,17518
SOK02.07,SOK02,.07,312,3800,595,10921
SOK02.08,SOK02,.08,445,1607,769,2446
SOK02.10,SOK02,.10,11,1102,12,2041
SOK02.11,SOK02,.11,680,1501,670,2331
SOK03.06,SOK03,.06,6065,7928,1575,17310
SOK03.07,SOK03,.07,5957,5251,962,13057
SOK03.08,SOK03,.08,3607,1743,925,2560
SOK03.09,SOK03,.09,1,0,0,0
SOK03.10,SOK03,.10,11808,1739,863,2614
SOK04.04,SOK04,.04,2,5196,735,9657
SOK05.07,SOK05,.07,51,2860,3,5524
SOK05.09,SOK05,.09,138,2738,729,4746
SOK06.03,SOK06,.03,4,75,25,146
SOK06.04,SOK06,.04,4,1632,424,3191
SOK63.05,SOK63,.05,2891,6538,5,17490
SOK63.06,SOK63,.06,2201,5885,171,14089
SOK63.07,SOK63,.07,1768,2005,937,3072
SOK63.08,SOK63,.08,2734,1951,1294,2607
SOK63.09,SOK63,.09,3,0,0,0
SOK63.10,SOK63,.10,6331,1891,884,2897
SOK65.01,SOK65,.01,37,4421,3,17172
SOK65.02,SOK65,.02,109,2846,1795,4385
SOM01.08,SOM01,.08,244,809,377,1708
SOM01.09,SOM01,.09,204,754,407,1120
SOM01.10,SOM01,.10,2664,756,428,1327
SOM02.07,SOM02,.07,11032,757,686,827
SOM02.08,SOM02,.08,39838,784,618,949
SOM03.02,SOM03,.02,5302,1086,1008,1163
SOM03.03,SOM03,.03,24361,1080,895,1258
SOM62.08,SOM62,.08,4951,782,731,832
SOM62.09,SOM62,.09,4643,781,747,814
SOM62.10,SOM62,.10,18886,828,630,1025
SOM63.03,SOM63,.03,2538,1267,1170,1420
SOM63.04,SOM63,.04,16192,1296,1062,1529
SOM65.02,SOM65,.02,457,821,412,977
SOM6A.02,SOM6A,.02,111,2801,609,6832
SOM6A.03,SOM6A,.03,30,2522,524,6712
SOM6A.04,SOM6A,.04,48,1168,602,2795
SOM6A.05,SOM6A,.05,136,1111,520,2742
SOM6B.01,SOM6B,.01,75,0,0,0
SOP01.08,SOP01,.08,10673,5982,1084,14150
SOP01.09,SOP01,.09,5744,3090,480,9092
SOP01.10,SOP01,.10,194,552,339,874
SOP01.11,SOP01,.11,11041,762,335,1957
SOP02.01,SOP02,.01,16,7074,1497,18796
SOP02.02,SOP02,.02,754,1416,268,4383
SOP61.05,SOP61,.05,5566,6066,1111,14788
SOP61.06,SOP61,.06,3534,2576,450,7840
SOP61.07,SOP61,.07,19,495,324,624
SOP61.08,SOP61,.08,252,1579,318,4002
SOP62.01,SOP62,.01,1,2397,2397,2397
SOP63.01,SOP63,.01,160,991,381,3327
SOP63.02,SOP63,.02,5338,800,335,2104
SOS01.05,SOS01,.05,1897,4551,1151,9594
SOU01.02,SOU01,.02,1866,10893,7198,16427
SOV01.02,SOV01,.02,458,1836,2,5977
SOV01.04,SOV01,.04,598,2430,307,6031
SOV01.05,SOV01,.05,809,2002,470,4841
SOW04.01,SOW04,.01,16835,1935,111,7013
SOW04.02,SOW04,.02,260,4426,0,13461
SOW04.03,SOW04,.03,1516,3814,186,11213
SOW04.05,SOW04,.05,25717,2188,0,9242
SOW05.01,SOW05,.01,182,366,6,1636
SOW05.02,SOW05,.02,1541,323,6,1081
SOW05.04,SOW05,.04,25667,186,0,763
SOW06.01,SOW06,.01,25611,337,0,986
SOW07.01,SOW07,.01,25524,549,0,2100
SOX01.05,SOX01,.05,5778,2609,2370,3470
SOX01.06,SOX01,.06,10538,2658,2374,3449
SOX01.07,SOX01,.07,12056,2833,2376,4197
SOX02.04,SOX02,.04,14,3939,62,9079
SOX02.06,SOX02,.06,1,4255,4255,4255
SOX02.07,SOX02,.07,74,3407,2376,5930
SOX03.01,SOX03,.01,295,3226,2374,5292
SOX05.01,SOX05,.01,272,3007,891,5122
SOX06.01,SOX06,.01,2,2849,2377,3322
SOX61.04,SOX61,.04,2553,2673,2376,3734
SOX61.06,SOX61,.06,6979,2889,2376,3826
SOX61.07,SOX61,.07,5915,3276,2377,4788
SOX62.03,SOX62,.03,17,9550,11,38539
SOX63.02,SOX63,.02,14,2288,1037,2964
SOX63.03,SOX63,.03,245,4088,2394,6287
SOX65.01,SOX65,.01,529,3288,995,5580
SPA01.08,SPA01,.08,8373,8051,7767,8593
SPA01.09,SPA01,.09,608,7939,7799,8245
SPA01.10,SPA01,.10,79,7885,7634,8182
SPA01.11,SPA01,.11,12,5371,0,8101
SPA01.12,SPA01,.12,22445,7836,7835,7841
SPA61.01,SPA61,.01,3,8248,7835,8816
SPA61.02,SPA61,.02,3,0,0,0
SPA61.03,SPA61,.03,13,4478,10,8910
SPA61.04,SPA61,.04,12783,7836,7835,7844
SPB01.02,SPB01,.02,509,3827,2774,5216
SPB01.03,SPB01,.03,5253,3343,2833,4480
SPB01.04,SPB01,.04,378,2917,2887,3013
SPB01.05,SPB01,.05,22547,2901,2501,3300
SPB03.01,SPB03,.01,153,3337,2436,4625
SPB61.03,SPB61,.03,209,3180,2597,3762
SPB61.04,SPB61,.04,2466,2970,2878,3262
SPB61.05,SPB61,.05,220,2916,2885,2991
SPB61.06,SPB61,.06,1767,2948,2889,3141
SPB61.07,SPB61,.07,6397,2928,2883,3075
SPB61.08,SPB61,.08,4866,3043,2478,3607
SPB6P.01,SPB6P,.01,342,2217,1264,3169
SPBF1.01,SPBF1,.01,1,1355,1355,1355
SPC01.06,SPC01,.06,4147,23992,21157,30372
SPC01.07,SPC01,.07,29882,23874,21038,29411
SPC01.08,SPC01,.08,24308,23916,21038,29141
SPC02.05,SPC02,.05,15553,24336,21038,30083
SPC02.06,SPC02,.06,11103,25196,21038,29141
SPC61.02,SPC61,.02,565,26863,21349,32382
SPC61.03,SPC61,.03,18299,25680,21038,30024
SPC61.04,SPC61,.04,13049,25737,21038,29141
SPC62.02,SPC62,.02,515,27539,21162,34562
SPC62.03,SPC62,.03,8935,26105,21038,31135
SPC62.04,SPC62,.04,5556,26485,21038,29141
SPD01.02,SPD01,.02,277,5965,1105,10833
SPD01.04,SPD01,.04,99,7812,1796,13957
SPD01.05,SPD01,.05,1512,6193,2698,12047
SPD02.03,SPD02,.03,5375,2768,1471,4679
SPD02.04,SPD02,.04,20217,2333,1356,3930
SPD04.02,SPD04,.02,7734,2305,1456,3415
SPD04.03,SPD04,.03,17609,1925,1209,2802
SPD06.01,SPD06,.01,14,0,0,0
SPD06.02,SPD06,.02,21,0,0,0
SPD08.01,SPD08,.01,59,545,82,1313
SPD08.02,SPD08,.02,64,655,137,2822
SPD09.02,SPD09,.02,476,2348,454,4813
SPD09.03,SPD09,.03,262,1254,221,2731
SPD0A.02,SPD0A,.02,291,4746,40,9948
SPD0A.03,SPD0A,.03,1681,2406,1070,4652
SPD62.04,SPD62,.04,2749,2483,1648,4301
SPD62.05,SPD62,.05,11160,2358,1628,4087
SPD63.02,SPD63,.02,76,2095,1537,3127
SPD63.04,SPD63,.04,2627,3336,1192,5193
SPD64.03,SPD64,.03,4293,2942,1637,4752
SPD64.04,SPD64,.04,10457,3427,1638,4842
SPD66.01,SPD66,.01,47,485,107,1044
SPD66.02,SPD66,.02,47,319,95,937
SPD68.02,SPD68,.02,44,1939,3,4101
SPD68.03,SPD68,.03,32,1295,205,4310
SPD69.01,SPD69,.01,33,2633,1159,4588
SPD69.02,SPD69,.02,34,1987,1648,2998
SPD69.03,SPD69,.03,2330,1846,1142,2789
SPD6A.02,SPD6A,.02,629,2925,714,5135
SPD6B.01,SPD6B,.01,4,826,6,2146
SPD6P.01,SPD6P,.01,381,3042,985,7367
SPD92.05,SPD92,.05,81,3789,1400,10658
SPD92.06,SPD92,.06,437,2316,1143,4097
SPD94.05,SPD94,.05,143,2126,635,3365
SPD94.06,SPD94,.06,363,1714,1070,2606
SPDD2.05,SPDD2,.05,241,3051,1471,5113
SPDD2.06,SPDD2,.06,461,3021,1710,5386
SPDD2.07,SPDD2,.07,1577,2415,1468,4005
SPDD3.02,SPDD3,.02,126,2272,1262,3971
SPDD4.05,SPDD4,.05,215,2382,1679,3226
SPDD4.06,SPDD4,.06,1277,1881,1305,2683
SPDF9.01,SPDF9,.01,2,2740,2740,2740
SPDV1.02,SPDV1,.02,150,1620,627,2612
SPE01.08,SPE01,.08,1634,1386,663,2186
SPE01.09,SPE01,.09,18835,1119,635,1741
SPE02.04,SPE02,.04,4327,1322,713,2093
SPE02.05,SPE02,.05,1467,1377,876,2115
SPE02.06,SPE02,.06,24310,1071,660,1595
SPE03.10,SPE03,.10,4532,1234,587,1921
SPE03.11,SPE03,.11,1210,1102,538,1727
SPE03.12,SPE03,.12,23464,1031,404,1657
SPE04.04,SPE04,.04,202,1623,314,3495
SPE04.05,SPE04,.05,22,1026,462,1589
SPE04.06,SPE04,.06,1565,723,146,1339
SPE04.07,SPE04,.07,246,825,233,1685
SPE05.04,SPE05,.04,270,1210,464,2453
SPE05.05,SPE05,.05,8,911,5,1718
SPE05.06,SPE05,.06,489,921,180,1918
SPE08.01,SPE08,.01,1304,821,296,1345
SPE09.01,SPE09,.01,1042,734,346,1241
SPE09.02,SPE09,.02,215,637,299,974
SPE11.06,SPE11,.06,4369,1291,716,1981
SPE11.08,SPE11,.08,14274,1124,657,1761
SPE11.09,SPE11,.09,8280,1024,644,1532
SPE12.02,SPE12,.02,4604,1189,615,2073
SPE12.03,SPE12,.03,1151,1125,679,1915
SPE12.04,SPE12,.04,17770,921,476,1458
SPE12.05,SPE12,.05,4534,792,420,1180
SPE14.04,SPE14,.04,3231,2059,1260,3139
SPE14.05,SPE14,.05,8801,1823,1090,2817
SPE15.04,SPE15,.04,146,997,278,1715
SPE61.06,SPE61,.06,125,1462,645,2178
SPE61.07,SPE61,.07,1725,1238,812,1905
SPE62.03,SPE62,.03,1943,1569,955,2485
SPE62.04,SPE62,.04,713,1264,908,1759
SPE62.05,SPE62,.05,11157,1121,924,1498
SPE63.04,SPE63,.04,1954,1544,752,2388
SPE63.05,SPE63,.05,730,1533,1016,2276
SPE63.06,SPE63,.06,13337,1246,695,1908
SPE64.02,SPE64,.02,1945,1314,725,2030
SPE64.03,SPE64,.03,11303,1115,801,1708
SPE65.02,SPE65,.02,1939,1257,489,2024
SPE65.03,SPE65,.03,804,1191,506,1875
SPE65.04,SPE65,.04,2520,1332,494,2169
SPE65.05,SPE65,.05,8303,1151,517,1836
SPE65.06,SPE65,.06,2185,892,592,1225
SPE66.02,SPE66,.02,21,1439,865,2033
SPE66.03,SPE66,.03,10,1092,569,1755
SPE66.04,SPE66,.04,2397,911,635,1186
SPE67.05,SPE67,.05,2111,2086,1310,2871
SPE67.06,SPE67,.06,14728,1972,1205,3100
SPE68.02,SPE68,.02,1,932,932,932
SPE68.03,SPE68,.03,2183,1048,584,1511
SPE69.02,SPE69,.02,356,996,463,1528
SPE6A.01,SPE6A,.01,19,687,307,1011
SPE6A.02,SPE6A,.02,251,955,504,1405
SPE6P.01,SPE6P,.01,1,391,391,391
SPE6Q.01,SPE6Q,.01,427,1808,435,3217
SPEV1.05,SPEV1,.05,183,1054,382,1945
SPF01.05,SPF01,.05,268,4198,2887,5508
SPF01.06,SPF01,.06,1571,4334,1949,6718
SPF02.05,SPF02,.05,220,2461,1378,3543
SPF02.06,SPF02,.06,1601,2357,1267,3536
SPF04.01,SPF04,.01,4867,2389,1690,3127
SPF04.02,SPF04,.02,19292,2400,1716,3083
SPF62.05,SPF62,.05,2653,2524,1942,3223
SPF62.06,SPF62,.06,11043,2505,2052,3142
SPF63.02,SPF63,.02,33,2386,874,3897
SPF63.03,SPF63,.03,35,2451,2218,2826
SPF63.04,SPF63,.04,2269,2414,1624,3203
SPF92.07,SPF92,.07,70,2296,1289,3302
SPF92.08,SPF92,.08,422,2367,1456,3310
SPFD2.05,SPFD2,.05,607,2348,1868,2953
SPFD2.06,SPFD2,.06,1505,2455,1837,3139
SPFD3.05,SPFD3,.05,125,2343,1329,3356
SPFM3.01,SPFM3,.01,333,2574,950,4197
SPG61.01,SPG61,.01,317,0,0,0
SPG62.01,SPG62,.01,2325,0,0,0
SPH01.02,SPH01,.02,6215,3564,1494,6051
SPH01.03,SPH01,.03,4086,4171,1914,6801
SPH01.04,SPH01,.04,14,4277,2014,7059
SPH01.05,SPH01,.05,3337,3602,1832,5970
SPH01.06,SPH01,.06,14770,2871,1559,4687
SPH61.03,SPH61,.03,2996,6576,3101,11197
SPH61.04,SPH61,.04,2513,6587,3345,11016
SPH61.05,SPH61,.05,7,5844,11,15306
SPH61.06,SPH61,.06,10421,5262,3020,7534
SPI01.03,SPI01,.03,46109,409,2,1200
SPI01.04,SPI01,.04,2,3982,2031,5933
SPK01.07,SPK01,.07,25188,3455,1683,5826
SPK02.03,SPK02,.03,377,5320,2222,9880
SPK02.04,SPK02,.04,1545,7379,2293,14658
SPK03.03,SPK03,.03,423,3916,1265,9064
SPK07.07,SPK07,.07,26723,3109,1807,4769
SPK08.06,SPK08,.06,27845,3174,1475,5616
SPK15.02,SPK15,.02,40,579,4,1458
SPK15.03,SPK15,.03,117,233,139,435
SPK16.02,SPK16,.02,262,2199,782,4675
SPK16.03,SPK16,.03,498,1978,842,3585
SPK17.01,SPK17,.01,1566,6488,1942,13720
SPK18.01,SPK18,.01,45,5613,1491,14060
SPK18.02,SPK18,.02,1457,5673,1609,11953
SPK61.06,SPK61,.06,13271,3197,2129,5164
SPK63.04,SPK63,.04,155,1354,10,2931
SPK63.05,SPK63,.05,312,854,390,2017
SPK64.01,SPK64,.01,21,897,15,2901
SPK64.02,SPK64,.02,34,280,11,564
SPK67.04,SPK67,.04,15062,3732,2573,5308
SPK68.06,SPK68,.06,15538,2572,1444,4230
SPK6A.03,SPK6A,.03,131,663,158,1404
SPK6B.01,SPK6B,.01,2217,3826,1625,6461
SPK6C.03,SPK6C,.03,267,3282,907,5837
SPK6D.03,SPK6D,.03,11,1162,170,2953
SPK91.02,SPK91,.02,503,3664,1653,6113
SPKD1.09,SPKD1,.09,2247,3488,1895,5853
SPL01.04,SPL01,.04,268,1563,609,3951
SPL01.05,SPL01,.05,1538,1198,646,2120
SPL02.06,SPL02,.06,5775,1557,1063,2348
SPL02.07,SPL02,.07,3,1528,1367,1705
SPL02.08,SPL02,.08,22729,1450,977,1981
SPL62.04,SPL62,.04,2688,1682,1382,2253
SPL62.05,SPL62,.05,2,849,0,1699
SPL62.06,SPL62,.06,13067,1638,1308,2175
SPL62.07,SPL62,.07,1,0,0,0
SPL6A.01,SPL6A,.01,348,1904,304,3599
SPM01.03,SPM01,.03,8320,3135,1582,6007
SPM01.04,SPM01,.04,2109,3056,1560,5987
SPM01.05,SPM01,.05,23,2019,1656,2876
SPM01.06,SPM01,.06,18536,2185,1522,3702
SPM02.05,SPM02,.05,2,0,0,0
SPM02.06,SPM02,.06,5772,4295,2358,6536
SPM02.07,SPM02,.07,63,3913,919,6678
SPM02.08,SPM02,.08,1738,4246,1756,6735
SPM02.09,SPM02,.09,3493,4162,2300,6487
SPM02.10,SPM02,.10,17675,3603,1989,6029
SPM04.03,SPM04,.03,128,3181,1609,5445
SPM61.05,SPM61,.05,4499,2956,1823,5023
SPM61.06,SPM61,.06,13559,2424,1676,3719
SPM62.05,SPM62,.05,1,0,0,0
SPM62.06,SPM62,.06,2780,2598,1448,3747
SPM62.07,SPM62,.07,1126,2543,2172,3421
SPM62.08,SPM62,.08,2109,2586,2165,3501
SPM62.09,SPM62,.09,6976,2638,2174,3627
SPM62.10,SPM62,.10,1255,2254,1366,3141
SPM64.01,SPM64,.01,8,2425,2247,2663
SPM64.02,SPM64,.02,34,2716,1038,4393
SPM64.03,SPM64,.03,589,2389,1143,3634
SPM64.04,SPM64,.04,1710,2240,1673,2806
SPN01.07,SPN01,.07,10310,4858,1275,9914
SPN01.08,SPN01,.08,18285,5407,1668,10924
SPN02.03,SPN02,.03,1762,0,0,7
SPN03.03,SPN03,.03,1762,0,0,0
SPN04.03,SPN04,.03,1762,0,0,0
SPN61.06,SPN61,.06,5343,7986,2153,16231
SPN61.07,SPN61,.07,10169,6464,1898,13128
SPO01.02,SPO01,.02,10718,0,0,0
SPO61.02,SPO61,.02,14781,0,0,0
SPP01.05,SPP01,.05,57891,1816,17,5883
SPQ01.12,SPQ01,.12,8088,2384,1255,4101
SPQ01.13,SPQ01,.13,6249,1582,919,2528
SPQ01.14,SPQ01,.14,13615,1562,931,2517
SPQ61.03,SPQ61,.03,4467,1889,1182,2865
SPQ61.04,SPQ61,.04,440,1656,1159,2591
SPQ61.05,SPQ61,.05,4187,1689,1182,2591
SPQ61.06,SPQ61,.06,9083,1702,1093,2658
SPR01.07,SPR01,.07,5701,2001,1239,3643
SPR01.08,SPR01,.08,2781,1897,1282,2936
SPR01.09,SPR01,.09,18515,2232,1057,3981
SPR01.10,SPR01,.10,2846,2323,1260,3973
SPR02.03,SPR02,.03,218,4106,2473,6427
SPR02.04,SPR02,.04,58,4662,1878,6766
SPR02.05,SPR02,.05,1577,2753,1294,4520
SPR03.04,SPR03,.04,276,3370,1236,5670
SPR03.05,SPR03,.05,67,4391,2180,7149
SPR03.06,SPR03,.06,75,2730,486,4973
SPR06.09,SPR06,.09,768,2133,1217,3215
SPR07.05,SPR07,.05,5850,3982,1297,7273
SPR07.06,SPR07,.06,22594,3005,1076,5798
SPR08.03,SPR08,.03,26050,2273,1521,3259
SPR09.01,SPR09,.01,10,3512,733,8956
SPR09.02,SPR09,.02,8,1010,3,2821
SPR09.03,SPR09,.03,79,1720,7,3940
SPR11.02,SPR11,.02,48,920,14,2227
SPR11.03,SPR11,.03,193,678,150,1477
SPR12.01,SPR12,.01,1575,2685,945,4648
SPR61.04,SPR61,.04,1235,1850,1208,2887
SPR61.05,SPR61,.05,1429,1837,1402,2735
SPR61.06,SPR61,.06,11725,2015,1398,3128
SPR61.07,SPR61,.07,1565,2094,1287,3372
SPR65.03,SPR65,.03,2143,2058,1177,3276
SPR66.04,SPR66,.04,1079,1841,1352,2935
SPR66.06,SPR66,.06,12343,1860,1282,2710
SPR67.05,SPR67,.05,993,2103,1062,3593
SPR67.06,SPR67,.06,1729,2103,1169,3559
SPR67.07,SPR67,.07,10313,1967,1250,3035
SPR67.08,SPR67,.08,2549,2062,1298,3387
SPR68.03,SPR68,.03,272,1970,1102,2837
SPS02.03,SPS02,.03,11697,1698,0,5883
SPS02.04,SPS02,.04,33495,1260,0,4498
SPS03.01,SPS03,.01,10437,629,2,3263
SPS03.02,SPS03,.02,18467,5645,397,16161
SPS62.03,SPS62,.03,4131,845,2,3707
SPS62.04,SPS62,.04,1445,5577,498,22514
SPS62.05,SPS62,.05,9405,2183,359,5773
SPS63.03,SPS63,.03,5721,797,2,3978
SPS63.04,SPS63,.04,12240,5286,400,14899
SPST1.01,SPST1,.01,502,0,0,0
SPT01.06,SPT01,.06,10162,651,0,3458
SPT01.07,SPT01,.07,18688,235,0,2060
SPT02.11,SPT02,.11,133,6356,1190,14723
SPT02.12,SPT02,.12,637,5343,0,15091
SPT03.06,SPT03,.06,9724,4171,0,10844
SPT03.07,SPT03,.07,16140,2461,0,9421
SPT04.03,SPT04,.03,7,20951,1474,52260
SPT04.04,SPT04,.04,8,13534,0,40879
SPT61.06,SPT61,.06,5309,0,0,0
SPT61.07,SPT61,.07,11273,0,0,0
SPT62.04,SPT62,.04,5461,4358,0,12377
SPT62.05,SPT62,.05,9323,1890,0,8087
SPU01.02,SPU01,.02,6106,0,0,0
SPU01.03,SPU01,.03,21879,0,0,0
SPV01.02,SPV01,.02,99287,771,124,3060
SPV01.04,SPV01,.04,53214,228,123,485
SPV02.02,SPV02,.02,1313,23,0,277
SPV0R.01,SPV0R,.01,1831,837,8,3888
SPV0R.02,SPV0R,.02,1187,785,216,3212
SPV61.01,SPV61,.01,56032,756,125,3149
SPV61.02,SPV61,.02,27412,248,121,527
SPV62.01,SPV62,.01,331,25,12,49
SPV6R.01,SPV6R,.01,647,724,3,4441
SPV6R.02,SPV6R,.02,404,499,18,2312
SPW01.08,SPW01,.08,9871,531,0,3034
SPW01.09,SPW01,.09,18557,75,0,686
SPW02.04,SPW02,.04,9635,2426,0,7263
SPW02.05,SPW02,.05,16577,1040,0,4373
SPW04.02,SPW04,.02,5489,0,0,0
SPW04.03,SPW04,.03,5231,0,0,0
SPW05.05,SPW05,.05,7379,6305,1398,13749
SPW05.06,SPW05,.06,10,10869,3736,22710
SPW05.07,SPW05,.07,1551,4709,816,13131
SPW05.08,SPW05,.08,2591,2273,930,7111
SPW06.01,SPW06,.01,4431,3208,0,11628
SPW06.02,SPW06,.02,941,4890,0,13340
SPW06.03,SPW06,.03,5354,4188,0,10991
SPW06.04,SPW06,.04,6432,2332,413,7000
SPW07.02,SPW07,.02,10188,1473,0,7850
SPW07.03,SPW07,.03,2181,1462,0,7561
SPW07.04,SPW07,.04,6897,3112,0,11497
SPW07.05,SPW07,.05,9074,2019,0,8395
SPW61.04,SPW61,.04,5283,0,0,0
SPW61.05,SPW61,.05,11220,0,0,0
SPW62.03,SPW62,.03,5382,3181,0,9731
SPW62.04,SPW62,.04,9252,909,0,4280
SPW64.02,SPW64,.02,4994,0,0,0
SPW64.03,SPW64,.03,9784,0,0,0
SPW65.03,SPW65,.03,6999,8401,2073,18479
SPW65.04,SPW65,.04,3856,6028,1456,14239
SPW65.05,SPW65,.05,4985,3240,1431,9525
SPW66.02,SPW66,.02,364,9100,0,22460
SPW66.03,SPW66,.03,129,4140,0,10930
SPW66.04,SPW66,.04,310,7462,958,17757
SPW66.05,SPW66,.05,529,3460,922,9340
SPW66.06,SPW66,.06,611,2423,936,7433
SPW67.01,SPW67,.01,5813,3206,0,15192
SPW67.02,SPW67,.02,1349,2792,0,11430
SPW67.03,SPW67,.03,3880,5904,0,16495
SPW67.04,SPW67,.04,2753,4750,0,14977
SPW68.02,SPW68,.02,7,2519,1116,6308
SPW68.03,SPW68,.03,304,1941,758,5473
SRW01.02,SRW01,.02,35,48,9,125
SRW02.03,SRW02,.03,715,12,7,23
SRW06.03,SRW06,.03,250,22,9,49
SRW08.04,SRW08,.04,1,577,577,577
SRW09.02,SRW09,.02,35,16,8,36
SRW10.07,SRW10,.07,141,52,13,132
SRW12.03,SRW12,.03,9,30,0,95
SRW13.02,SRW13,.02,169,17,8,34
SRW15.03,SRW15,.03,145,24,7,80
SRW18.02,SRW18,.02,204,19,8,52
SRW19.02,SRW19,.02,13,28,9,80
SRW20.02,SRW20,.02,527,11,7,22
SRW21.02,SRW21,.02,5,40,11,88
SRW24.01,SRW24,.01,288,23,8,64
SRW26.01,SRW26,.01,341,14,8,25
SRW26.02,SRW26,.02,172,12,7,20
SRW27.01,SRW27,.01,53,28,10,85
SRW28.01,SRW28,.01,8,72,25,146
SRW63.02,SRW63,.02,8,38,14,92
SRW63.03,SRW63,.03,13,214,12,1434
SRW64.02,SRW64,.02,76,63,15,148
SSD02.05,SSD02,.05,222,3797,1489,8249
SSD02.06,SSD02,.06,802,2224,1335,3960
SSD02.07,SSD02,.07,1,0,0,0
SSD02.08,SSD02,.08,882,1713,598,2827
SSD03.08,SSD03,.08,6019,2205,887,4836
SSD03.09,SSD03,.09,10287,1597,764,3095
SSD03.10,SSD03,.10,12763,1131,687,2034
SSD03.11,SSD03,.11,10,809,0,1173
SSD05.03,SSD05,.03,5618,2433,900,5569
SSD05.04,SSD05,.04,10392,1543,728,2994
SSD05.05,SSD05,.05,3,0,0,0
SSD05.06,SSD05,.06,12921,1130,712,2031
SSD05.07,SSD05,.07,4,778,0,1062
SSD63.07,SSD63,.07,2666,3273,1103,8299
SSD63.08,SSD63,.08,6839,1933,83,4173
SSD63.09,SSD63,.09,6065,1559,845,2272
SSD64.04,SSD64,.04,263,3107,1650,4563
SSD65.08,SSD65,.08,2678,2679,1135,7055
SSD65.09,SSD65,.09,6596,1974,1224,4034
SSD65.10,SSD65,.10,6496,1548,752,2343
SSK01.01,SSK01,.01,7,0,0,0
SSM01.06,SSM01,.06,358,126,2,635
SSM01.09,SSM01,.09,63,1210,304,3800
SSM02.06,SSM02,.06,261,6341,2196,12046
SSM02.07,SSM02,.07,154,3678,1984,6245
SSM02.08,SSM02,.08,1432,4186,1778,7766
SSM03.04,SSM03,.04,5851,8557,3785,14683
SSM03.05,SSM03,.05,4357,7856,3842,13187
SSM03.06,SSM03,.06,16382,7898,3874,12408
SSM04.01,SSM04,.01,8,2959,1224,9038
SSM04.02,SSM04,.02,5,927,0,2771
SSM08.03,SSM08,.03,1,2130,2130,2130
SSM08.04,SSM08,.04,3,5472,4020,6362
SSM09.03,SSM09,.03,99,5314,95,11295
SSM09.04,SSM09,.04,149,5184,300,11300
SSRD1.01,SSRD1,.01,10088,0,0,2
SSRD1.02,SSRD1,.02,17758,0,0,0
SSRD2.01,SSRD2,.01,370,0,0,3
SSRD2.02,SSRD2,.02,1419,0,0,0
SSRD3.01,SSRD3,.01,10471,0,0,3
SSRD3.02,SSRD3,.02,17608,0,0,0
SSRD4.01,SSRD4,.01,305,19,0,183
SSRD4.02,SSRD4,.02,370,11,0,120
SSS00.01,SSS00,.01,1850,6866,3268,11067
SSS02.07,SSS02,.07,24289,7432,4167,11768
SSS06.02,SSS06,.02,269,6310,2600,11348
SSS06.03,SSS06,.03,161,5020,3087,6952
SSS06.04,SSS06,.04,1510,4813,2766,6971
SSS07.02,SSS07,.02,5937,5873,3140,8641
SSS07.03,SSS07,.03,20875,5251,3404,7321
SSS61.05,SSS61,.05,8263,12571,6482,18493
SSS61.06,SSS61,.06,7355,11349,6010,17406
SSS62.07,SSS62,.07,676,9680,0,16924
SSS62.09,SSS62,.09,4,2,0,5
SSS62.10,SSS62,.10,13332,10651,4326,17299
SSS63.01,SSS63,.01,26,14627,7249,27252
SSS63.02,SSS63,.02,14,4529,0,15604
SSS63.03,SSS63,.03,2246,9465,5096,13970
SSS64.01,SSS64,.01,1,0,0,0
SSS65.05,SSS65,.05,312,12799,1674,23923
SSS94.04,SSS94,.04,2696,7330,4329,11593
STAG1.01,STAG1,.01,2452,7785,7207,8899
STC51.01,STC51,.01,89,22713889,0,48161874
STF01.07,STF01,.07,63579,39887,1242,89650
STF02.04,STF02,.04,3686,20888,27,45850
STF04.01,STF04,.01,1388,29680,8577,53846
STPRM.01,STPRM,.01,1857,9,2,87
STT01.10,STT01,.10,1997,20439,5486,39077
STT01.11,STT01,.11,2969,24556,7026,47142
STT01.12,STT01,.12,3981,25884,5887,54126
STT02.10,STT02,.10,9567,49417,9297,103667
STT02.11,STT02,.11,22009,33846,7426,73474
STT03.07,STT03,.07,4,0,0,0
STT03.08,STT03,.08,88054,42127,8221,94773
STT03.09,STT03,.09,11466,38255,8459,78401
STT03.10,STT03,.10,84801,29759,7728,61827
STT03.11,STT03,.11,136985,33900,7705,72052
STT04.02,STT04,.02,1,0,0,0
STT04.03,STT04,.03,636,10100,0,46884
STT04.04,STT04,.04,2319,17611,0,59247
STT04.05,STT04,.05,618,23012,0,67841
STT05.06,STT05,.06,1,0,0,0
STT05.07,STT05,.07,1642,20013,7909,35934
STT05.08,STT05,.08,367,16507,8420,25458
STT05.09,STT05,.09,3605,25541,8657,48601
STT06.01,STT06,.01,1276,34297,5525,80634
STU01.04,STU01,.04,868,2209,6,8105
STU01.05,STU01,.05,1436,719,296,1141
STW01.04,STW01,.04,7069,0,0,0
STW01.05,STW01,.05,34383,14,0,105
SVI00.01,SVI00,.01,788,58,2,297
SVI01.01,SVI01,.01,931,0,0,0
SVI01.02,SVI01,.02,8224,104,0,532
SVI01.03,SVI01,.03,17467,63,2,329
SVI02.01,SVI02,.01,381,0,0,0
SVI02.02,SVI02,.02,3990,88,0,629
SVI02.03,SVI02,.03,2685,7,0,59
SVI03.01,SVI03,.01,870,0,0,0
SVI03.02,SVI03,.02,8196,89,0,468
SVI03.03,SVI03,.03,12330,64,2,337
SVI04.01,SVI04,.01,327,0,0,0
SVI04.02,SVI04,.02,3706,85,0,564
SVI04.03,SVI04,.03,1103,34,0,274
SVI05.01,SVI05,.01,26981,2,0,5
SVI06.01,SVI06,.01,31991,2,0,6
SVI07.01,SVI07,.01,29224,4,0,18
SVI08.01,SVI08,.01,1760,2,0,6
SVI09.01,SVI09,.01,1629,2,0,6
SVI10.01,SVI10,.01,1593,2,0,5
SVI62.01,SVI62,.01,7344,2,0,5
SVI63.01,SVI63,.01,5723,49,2,261
SVI64.01,SVI64,.01,7230,3,0,7
SWCI1.01,SWCI1,.01,13463,0,0,3
SWCI2.01,SWCI2,.01,14083,1,0,6
SWCI3.01,SWCI3,.01,11345,0,0,0
SWCI4.01,SWCI4,.01,13203,0,0,3
SWCI5.01,SWCI5,.01,22838,0,0,2
SWCI6.01,SWCI6,.01,11796,1,0,5
SWCI7.01,SWCI7,.01,12105,0,0,1
SWL01.01,SWL01,.01,4645,2,0,4
SWL02.01,SWL02,.01,4646,3,0,6
SWL61.01,SWL61,.01,2570,3,2,6
SWL62.01,SWL62,.01,2566,4,2,21
SWT01.03,SWT01,.03,9445,245,0,1096
SWT01.04,SWT01,.04,17359,986,608,1743
SWT02.01,SWT02,.01,9389,513,2,2526
SWT02.02,SWT02,.02,8009,2432,624,6916
SWT02.03,SWT02,.03,8855,1698,641,3742
SWT61.02,SWT61,.02,5381,352,2,1297
SWT61.03,SWT61,.03,9478,638,3,1330
SWT62.01,SWT62,.01,5404,1714,2,7225
SWT62.02,SWT62,.02,4787,1764,106,5394
SWT62.03,SWT62,.03,4614,780,16,1738
